DS32566A,LN28844A,AG6209
DS37250A,LN31456A,AG6211
DS14732,LN3169,AG4077
DS15809,LN3453,AG5625
DS15665,LN3408,AG4061
DS12599,LN2565,AG4152
DS12589,LN2563,AG4153
DS12147,LN2425,AG4178
DS11814,LN2329,AG4189
DS11953,LN2375,AG4183
DS13817,LN2899,AG4099
DS13806,LN2897,AG4100
DS14834,LN3192,AG4072
DS12957,LN2667,AG4133
DS12937,LN2662,AG4135
DS12929,LN2660,AG4136
DS13337,LN2768,AG4122
DS13329,LN2766,AG4123
DS13242,LN2746,AG4126
DS13233,LN2744,AG4127
DS13256,LN2749,AG4125
DS13261,LN2750,AG4124
DS13150,LN2725,AG4130
DS13146,LN2724,AG4131
DS13372,LN2776,AG4119
DS13375,LN2777,AG4118
DS13185,LN2732,AG4129
DS13193,LN2734,AG4128
DS12916,LN2657,AG4137
DS10060,LN1812,AG4209
DS12810,LN2623,AG9146
DS16018,LN3509,AG9109
DS16819,LN3787,AG9086
DS16146,LN3574,AG9106
DS16582,LN3719,AG9092
DS16621,LN3732,AG9091
DS37473A,LN31529A,AG4019
DS15643,LN3400,AG9114
DS19427,LN4528,AG8905
DS16500,LN3702,AG9099
DS24812A,LN26948A,AG3958
DS24731A,LN21203A,AG3893
DS24799A,LN26949A,AG3939
DS23853E,LN26812E,AG3938
DS19431,LN4529,AG8904
DS12531,LN2553,AG9152
DS15839,LN3462,AG9112
DS37401A,LN31492A,AG4018
DS37460A,LN31530A,AG6213
DS37450A,LN31484A,AG3861
DS44708A,LN35747A,AG6219
DS37292S,LN31860S,AG3860
DS37455A,LN31482A,AG6212
DS20383,LN10039,AG8843
DS12319,LN2488,AG4173
DS12329,LN2489,AG4172
DS12270,LN2481,AG4176
DS12255,LN2478,AG4177
DS12352,LN2494,AG4171
DS12357,LN2495,AG4170
DS12384,LN2500,AG4168
DS12374,LN2497,AG4169
DS13523,LN2813,AG4109
DS13513,LN2811,AG4110
DS10081,LN1816,AG4208
DS10018,LN1791,AG4210
DS19233,LN4490,AG8922
DS19174,LN4486,AG8923
DS19449,LN4535,AG8900
DS19706,LN4632,AG8893
DS19761,LN4647,AG8891
DS19745,LN4644,AG8892
DS20046,LN4711,AG8882
DS19444,LN4534,AG8901
DS19867,LN4665,AG8889
DS20056,LN4712,AG8881
DS19561,LN4587,AG8898
DS19857,LN4663,AG8890
DS19948,LN4691,AG8887
DS19943,LN4690,AG8888
DS19696,LN4630,AG8894
DS19558,LN4586,AG8899
DS18637,LN4346,AG4045
DS18640,LN4347,AG4044
DS18973,LN4427,AG4043
DS18975,LN4428,AG4042
DS12291,LN2486,AG4174
DS12286,LN2485,AG4175
DS23553,LN20490,AG3824
DS23559,LN20491,AG3823
DS23825A,LN20660A,AG3825
DS23819A,LN20662A,AG3826
DS26318A,LN26394A,AG3828
DS26313A,LN26395A,AG3827
DS39481A,LN34648A,AG6217
DS26347A,LN26381A,AG3965
DS26113A,LN26368A,AG7531
DS20671,LN4879,AG8859
DS21042,LN10043,AG8842
DS20514,LN4862,AG4037
DS20518,LN4863,AG4036
DS14315,LN3034,AG4092
DS14323,LN3036,AG4090
DS14320,LN3035,AG4091
DS14328,LN3037,AG4089
DS12501,LN2542,AG4158
DS12491,LN2540,AG4159
DS13480,LN2800,AG4112
DS13484,LN2801,AG4111
DS11642,LN2275,AG4194
DS11637,LN2272,AG4195
DS15079,LN3250,AG4068
DS15073,LN3249,AG4069
DS15115,LN3259,AG4067
DS15119,LN3260,AG4066
DS11752,LN2307,AG4191
DS11738,LN2304,AG4192
DS13363,LN2774,AG4121
DS13368,LN2775,AG4120
DS13416,LN2785,AG4114
DS13411,LN2784,AG4115
DS13573,LN2823,AG4105
DS13569,LN2822,AG4106
DS13390,LN2780,AG4116
DS13380,LN2778,AG4117
DS16602,LN3726,AG4059
DS16597,LN3725,AG4060
DS23466,LN20478,AG3882
DS23472,LN20479,AG5515
DS13981,LN2925,AG4096
DS13977,LN2924,AG4097
DS11764,LN2309,AG9159
DS11759,LN2308,AG9160
DS13229,LN2743,AG9141
DS13219,LN2741,AG9142
DS12863,LN2643,AG4138
DS12855,LN2641,AG4139
DS11923,LN2368,AG4186
DS11918,LN2367,AG4187
DS12829,LN2632,AG4141
DS12834,LN2633,AG4140
DS18252,LN4163,AG8978
DS18256,LN4164,AG8977
DS18229,LN4159,AG8979
DS18224,LN4158,AG8980
DS8235,LN1269,AG4218
DS8416,LN1289,AG4217
DS16822,LN3788,AG9085
DS17150,LN3894,AG9070
DS17317,LN3929,AG9056
DS17643,LN4047,AG9026
DS16559,LN3713,AG9097
DS16712,LN3755,AG9090
DS17808,LN4077,AG9004
DS16975,LN3833,AG9079
DS17092,LN3871,AG9077
DS17763,LN4070,AG9009
DS17844,LN4088,AG8998
DS18821,LN4388,AG8939
DS17963,LN4109,AG8988
DS20791,LN10051,AG8838
DS17172,LN3901,AG9066
DS20349,LN4806,AG8868
DS17659,LN4053,AG9024
DS16530,LN3712,AG9098
DS20546,LN4869,AG8863
DS18389,LN4255,AG8972
DS24733A,LN21202A,AG3911
DS19933,LN10053,AG8836
DS20079,LN10052,AG8837
DS17878,LN4096,AG8993
DS20260,LN10048,AG8841
DS37513A,LN32260A,AG3989
DS34574A,LN29827A,AG7542
DS16027,LN3513,AG9108
DS16164,LN3584,AG9105
DS17990,LN4122,AG8987
DS18499,LN4295,AG8955
DS17157,LN3896,AG9068
DS17313,LN3928,AG9057
DS17647,LN4049,AG9025
DS16563,LN3714,AG9096
DS17462,LN3972,AG9037
DS17422,LN3956,AG9046
DS17785,LN4074,AG9006
DS17748,LN4065,AG9014
DS17094,LN3872,AG9076
DS17841,LN4087,AG8999
DS24835A,LN21288A,AG3895
DS24888A,LN21292A,AG3912
DS24808A,LN21290A,AG3923
DS25119A,LN21365A,AG5508
DS38587A,LN32481A,AG3985
DS25113C,LN28703C,AG7028
DS34646A,LN29816A,AG7544
DS34628A,LN29819A,AG7543
DS44414,LN35453,AG4034
DS40362,LN33421,AG4033
DS38592A,LN32479A,AG3986
DS37546A,LN32257A,AG3987
DS13551,LN2819,AG4107
DS13547,LN2818,AG4108
DS9955,LN1782,AG4211
DS9873,LN1753,AG4212
DS20770,LN4899,AG8858
DS55923A,LN43606A,AG6944
DS39603C,LN42989C,AG6936
DS23373,LN20459,AG5517
DS23378,LN20460,AG5516
DS55945A,LN43413A,AG6939
DS39598C,LN42987C,AG6935
DS34890A,LN30023A,AG3995
DS34872A,LN30027A,AG3993
DS34866A,LN30029A,AG3992
DS34885A,LN30025A,AG3994
DS39293A,LN33151A,AG4006
DS15153,LN10036,AG8844
DS15164,LN3279,AG9122
DS15148,LN3273,AG9123
DS15169,LN3281,AG9121
DS26455A,LN26496A,AG3967
DS26351A,LN26379A,AG3966
DS25072A,LN21364A,AG3811
DS25067A,LN21363A,AG3810
DS11909,LN2365,AG4188
DS13133,LN2721,AG4132
DS10167,LN1835,AG4207
DS18732,LN4376,AG8942
DS19310,LN4515,AG8911
DS14575,LN3113,AG4083
DS14564,LN3109,AG4084
DS19583,LN10085,AG8817
DS17319,LN3930,AG9055
DS17677,LN4058,AG9019
DS20343,LN4804,AG8869
DS15123,LN3261,AG9124
DS19395,LN10086,AG8816
DS12528,LN2552,AG9153
DS55938A,LN43610A,AG6945
DS20753,LN10011,AG8846
DS21935A,LN26826A,AG3951
DS21975C,LN27452C,AG3952
DS12663,LN2579,AG4149
DS12673,LN2581,AG4148
DS12447,LN2530,AG4163
DS12457,LN2532,AG4162
DS12763,LN2613,AG4145
DS12768,LN2614,AG4144
DS12684,LN2583,AG4147
DS12689,LN2584,AG4146
DS13921,LN2917,AG4098
DS8680,LN1376,AG4215
DS12467,LN2534,AG4161
DS12471,LN2535,AG4160
DS12583,LN2562,AG4154
DS12568,LN2559,AG4155
DS22985,LN20386,AG3926
DS22980,LN20496,AG3915
DS22991,LN20387,AG3916
DS11959,LN2376,AG4182
DS11969,LN2378,AG4181
DS18438,LN4271,AG8967
DS18406,LN10000,AG8852
DS37386C,LN45072C,AG8805
DS20793,LN10068,AG8832
DS37102S,LN31427S,AG3862
DS17639,LN4046,AG9027
DS20346,LN10066,AG8834
DS39148B,LN44779B,AG7433
DS38790A,LN32934A,AG4020
DS37716C,LN45076C,AG7450
DS19391,LN4525,AG8906
DS21111,LN10067,AG8833
DS17744,LN4064,AG9015
DS24820A,LN45036A,AG7441
DS24722A,LN21207A,AG3913
DS31397A,LN28443A,AG3817
DS30582A,LN28078A,AG3816
DS35778S,LN31423S,AG3848
DS30587A,LN28076A,AG3818
DS35782S,LN30931S,AG3849
DS35787A,LN30439A,AG3821
DS30557A,LN28110A,AG3815
DS13475,LN2799,AG4113
DS17445,LN10069,AG8831
DS18942,LN4413,AG8933
DS20170,LN4749,AG8879
DS25027C,LN28558C,AG7540
DS25129C,LN21648C,AG3928
DS8200,LN1264,AG4219
DS24790A,LN21209A,AG3914
DS10011,LN1789,AG5630
DS24785A,LN21218A,AG3946
DS14684,LN3149,AG4079
DS14680,LN3148,AG4080
DS20827,LN10012,AG8845
DS12098,LN2419,AG4179
DS12088,LN2417,AG4180
DS25729A,LN26263A,AG3834
DS25687A,LN26240A,AG3831
DS25730A,LN26288A,AG3833
DS24094A,LN20866A,AG7532
DS25769A,LN26258A,AG3835
DS24074A,LN21381A,AG3832
DS25762A,LN26259A,AG3889
DS25969A,LN26316A,AG3838
DS24190A,LN21049A,AG3837
DS24222A,LN21382A,AG3937
DS52908H,LN40338H,AG7206
DS16924,LN3817,AG5622
DS9767,LN1691,AG5631
DS9764,LN1684,AG5632
DS15363,LN3327,AG5627
DS17186,LN3904,AG9064
DS17281,LN3921,AG9059
DS17440,LN3964,AG9042
DS17541,LN4013,AG4058
DS18208,LN4156,AG4048
DS17189,LN3905,AG9063
DS17448,LN3967,AG9040
DS7748,LN1203,AG5636
DS7784,LN38595,AG9164
DS12431,LN2527,AG4166
DS12436,LN2528,AG4165
DS12442,LN2529,AG4164
DS27522A,LN26797A,AG3949
DS10671,LN1960,AG4200
DS9432,LN1614,AG4214
DS27641A,LN26838A,AG3959
DS27648A,LN26836A,AG3925
DS22816,LN20368,AG3868
DS22648,LN20355,AG3901
DS29219C,LN28035C,AG3962
DS27687A,LN26856A,AG3961
DS12393,LN2503,AG4167
DS18065,LN4135,AG4049
DS17889,LN4099,AG8991
DS39502A,LN33181A,AG4030
DS23530,LN20483,AG3866
DS23535,LN20484,AG3867
DS22913C,LN28562C,AG7539
DS22919,LN20400,AG3869
DS39509A,LN33179A,AG4031
DS11733,LN2302,AG4193
DS11809,LN2328,AG4190
DS12543,LN2556,AG4156
DS12538,LN2555,AG4157
DS16814,LN3782,AG5623
DS12274,LN2482,AG9156
DS14040,LN2947,AG9138
DS24044A,LN20861A,AG3829
DS26444A,LN26445A,AG3830
DS12771,LN2615,AG9149
DS12339,LN2492,AG9154
DS11666,LN2281,AG9161
DS12734,LN10087,AG8815
DS11202,LN2098,AG9162
DS17112,LN3876,AG9073
DS12774,LN2616,AG9148
DS13196,LN2735,AG9144
DS14129,LN2981,AG9137
DS13199,LN2736,AG9143
DS12785,LN2617,AG9147
DS14197,LN2999,AG9136
DS14206,LN3002,AG9135
DS12336,LN2491,AG9155
DS17198,LN3906,AG9062
DS16834,LN3792,AG9084
DS17534,LN4011,AG9032
DS17212,LN10089,AG8813
DS16955,LN3824,AG9081
DS15947,LN3494,AG9111
DS17329,LN3935,AG9052
DS17881,LN4097,AG8992
DS17175,LN3902,AG9065
DS17203,LN3907,AG9061
DS16962,LN3828,AG9080
DS17885,LN10088,AG8814
DS19675,LN10050,AG8839
DS16841,LN3795,AG9082
DS20335,LN4802,AG8871
DS20341,LN4803,AG8870
DS18382,LN4253,AG8974
DS16490,LN3700,AG9100
DS17876,LN4095,AG8994
DS17702,LN4061,AG9018
DS7842,LN38596,AG9165
DS14702,LN3156,AG4078
DS18018,LN4129,AG5620
DS17603,LN4026,AG5621
DS12659,LN2578,AG4150
DS10681,LN1963,AG4199
DS18015,LN4128,AG4053
DS17592,LN4022,AG4056
DS17597,LN4024,AG4054
DS16376,LN3680,AG9103
DS17332,LN3936,AG9051
DS17875,LN4094,AG8995
DS31642A,LN28530A,AG3990
DS35823A,LN30433A,AG3996
DS17215,LN3909,AG9060
DS17391,LN3948,AG9047
DS24228A,LN21379A,AG5507
DS22823,LN20369,AG3876
DS14108,LN2964,AG5629
DS7840,LN1222,AG5634
DS11039,LN2044,AG4198
DS37372C,LN45070C,AG7443
DS32057A,LN29143A,AG3813
DS7764,LN1207,AG5635
DS7768,LN37566,AG5637
DS24838A,LN21287A,AG5509
DS24845A,LN21286A,AG3897
DS26410A,LN26455A,AG3908
DS24015C,LN21650C,AG3886
DS18267,LN4168,AG4047
DS18271,LN4170,AG4046
DS18021,LN4130,AG4052
DS18025,LN4131,AG4051
DS9445,LN1615,AG4213
DS12619,LN2569,AG4151
DS23131,LN20414,AG5518
DS23137,LN20415,AG3904
DS11474,LN2188,AG4197
DS11476,LN2190,AG4196
DS20909,LN4931,AG5615
DS20904,LN4930,AG5616
DS18695,LN4367,AG8945
DS18692,LN10008,AG8848
DS18714,LN4373,AG8944
DS18718,LN4374,AG8943
DS18601,LN4335,AG8949
DS18590,LN10007,AG8849
DS19662,LN10006,AG8850
DS18668,LN4360,AG8946
DS19794,LN4656,AG5619
DS19790,LN4655,AG4041
DS18559,LN4317,AG8950
DS19439,LN10070,AG8830
DS19646,LN4608,AG8896
DS18080,LN4136,AG8986
DS18473,LN4284,AG8959
DS17661,LN4054,AG9023
DS19051,LN4445,AG8929
DS17432,LN3961,AG9043
DS18992,LN4439,AG8930
DS17825,LN4083,AG9003
DS18176,LN4150,AG8981
DS18379,LN4252,AG8975
DS19380,LN4520,AG8910
DS19270,LN4501,AG8917
DS19053,LN4446,AG8928
DS18452,LN4277,AG8966
DS19295,LN4511,AG8912
DS17848,LN4089,AG8997
DS19441,LN4533,AG8902
DS19648,LN4609,AG8895
DS18083,LN4137,AG8985
DS18468,LN4282,AG8961
DS20789,LN4903,AG8856
DS21048,LN10114,AG8811
DS20244,LN4774,AG8873
DS18842,LN4392,AG8938
DS18377,LN4251,AG8976
DS19384,LN4522,AG8909
DS17767,LN4072,AG9007
DS18454,LN4278,AG8965
DS19283,LN4506,AG8915
DS19117,LN4469,AG8925
DS17850,LN4090,AG8996
DS19436,LN4531,AG8903
DS19643,LN4607,AG8897
DS18471,LN4283,AG8960
DS20797,LN4906,AG8855
DS20239,LN4772,AG8875
DS17429,LN3960,AG9044
DS18174,LN4149,AG8982
DS18386,LN4254,AG8973
DS19382,LN10072,AG8829
DS19272,LN4502,AG8916
DS19115,LN4468,AG8926
DS18456,LN4279,AG8964
DS19291,LN4510,AG8913
DS20242,LN4773,AG8874
DS17827,LN4084,AG9002
DS20325,LN4801,AG8872
DS11939,LN2371,AG4185
DS14845,LN3197,AG4071
DS14860,LN3201,AG4070
DS18844,LN4393,AG8937
DS20544,LN4868,AG8864
DS27667A,LN26852A,AG3906
DS27751A,LN26874A,AG3907
DS39408B,LN44780B,AG7434
DS39410B,LN44781B,AG7435
DS36206B,LN45038B,AG7442
DS39413A,LN44782A,AG7436
DS39417A,LN44783A,AG7437
DS38801B,LN44778B,AG7445
DS24640A,LN21068A,AG3927
DS24634A,LN21069A,AG3900
DS23123A,LN20413A,AG7537
DS23117,LN20412,AG5519
DS24235A,LN20839A,AG7534
DS24241A,LN20838A,AG3978
DS14426,LN3058,AG4086
DS15538,LN3374,AG5626
DS14430,LN3059,AG4085
DS15542,LN3377,AG4062
DS20647,LN4874,AG5617
DS20548,LN4870,AG4035
DS20534,LN4866,AG5618
DS20485,LN4858,AG4040
DS14625,LN3130,AG4082
DS14635,LN3132,AG4081
DS20221,LN4769,AG8878
DS20226,LN4770,AG8877
DS20780,LN4901,AG8857
DS20231,LN4771,AG8876
DS14464,LN3078,AG9134
DS11877,LN2347,AG9157
DS11872,LN2346,AG9158
DS16302,LN3657,AG9104
DS23813A,LN20614A,AG3839
DS24775A,LN21221A,AG5510
DS24872A,LN21323A,AG3920
DS24711A,LN21133A,AG3892
DS23849C,LN28707C,AG3820
DS14717,LN3164,AG9132
DS14718,LN3165,AG9131
DS18501,LN4296,AG8954
DS20351,LN4807,AG8867
DS24833A,LN21289A,AG3922
DS24886A,LN27029A,AG3944
DS20956,LN4938,AG8853
DS20530,LN4865,AG8865
DS19260,LN10054,AG8835
DS24744A,LN21224A,AG3905
DS24719A,LN21225A,AG3884
DS26980A,LN26594A,AG3909
DS26986A,LN26591A,AG3972
DS23951A,LN20666A,AG3872
DS23661A,LN20509A,AG7536
DS24571A,LN20969A,AG3931
DS28617A,LN27272A,AG3929
DS23545,LN20489,AG5514
DS23541,LN20488,AG3843
DS23947A,LN20668A,AG3249
DS24567A,LN20970A,AG3875
DS24561A,LN21023A,AG3890
DS15453,LN3352,AG9119
DS14815,LN3188,AG9126
DS14803,LN3186,AG9128
DS23833A,LN20656A,AG3840
DS24728A,LN21204A,AG3921
DS24796A,LN21208A,AG3842
DS23286,LN20434,AG3881
DS23368A,LN20458A,AG3877
DS23341,LN20451,AG3878
DS23179,LN20423,AG3879
DS23339E,LN26813E,AG3880
DS24930A,LN21141A,AG3924
DS32096A,LN28669A,AG4032
DS32047A,LN28762A,AG3814
DS55951A,LN43504A,AG6943
DS15192,LN3285,AG4065
DS15202,LN3289,AG4064
DS14790,LN3184,AG4074
DS14794,LN3185,AG4073
DS14765,LN3179,AG4076
DS14770,LN3180,AG4075
DS20493,LN4859,AG4039
DS20497,LN4860,AG4038
DS12800,LN2620,AG4143
DS12805,LN2621,AG4142
DS21417,LN4998,AG5522
DS21405,LN10003,AG5521
DS21387,LN10005,AG7538
DS21399,LN10004,AG5520
DS14408,LN3052,AG4088
DS14413,LN3054,AG4087
DS8482,LN1312,AG5633
DS8476,LN1310,AG4216
DS13681,LN2855,AG4103
DS13670,LN2852,AG4104
DS20786,LN10113,AG8812
DS16139,LN3572,AG9107
DS16837,LN3793,AG9083
DS17753,LN4067,AG9012
DS20987,LN10084,AG8818
DS20988,LN10157,AG8810
DS17451,LN3968,AG9039
DS20564,LN4871,AG8862
DS12635,LN2574,AG9151
DS24814A,LN45035A,AG7440
DS23388A,LN45031A,AG7446
DS24709A,LN26921A,AG5524
DS24714A,LN45032A,AG7438
DS24801A,LN45033A,AG7439
DS23873E,LN26814E,AG3941
DS21096,LN10083,AG8819
DS17522,LN4008,AG9033
DS17068,LN3859,AG9078
DS17140,LN3892,AG9072
DS16579,LN3718,AG9093
DS16805,LN3779,AG9087
DS16446,LN3692,AG9101
DS20953,LN10082,AG8820
DS21344,LN10081,AG8821
DS21928A,LN20842A,AG3874
DS18466,LN4281,AG8962
DS20920,LN10080,AG8822
DS17144,LN3893,AG9071
DS21044,LN10078,AG8824
DS16801,LN3776,AG9088
DS15651,LN3402,AG9113
DS16441,LN3690,AG9102
DS21340,LN10077,AG8825
DS20951,LN4936,AG8854
DS21924A,LN20841A,AG7533
DS18463,LN4280,AG8963
DS20917,LN10076,AG8826
DS37199,LN30990,AG3864
DS27192,LN31650,AG3844
DS24547A,LN20963A,AG3871
DS24471A,LN26820A,AG3885
DS24211A,LN20836A,AG3873
DS24205A,LN20837A,AG7535
DS20445,LN10079,AG8823
DS19257,LN4499,AG8918
DS19254,LN4498,AG8919
DS17550,LN4016,AG9029
DS18542,LN4313,AG8951
DS17545,LN4014,AG9031
DS17387,LN3947,AG9048
DS17307,LN3926,AG9058
DS17455,LN3969,AG9038
DS17804,LN4076,AG9005
DS18931,LN4409,AG8934
DS18928,LN4408,AG8935
DS18428,LN4269,AG8969
DS20568,LN4872,AG8861
DS17756,LN4068,AG9011
DS20024,LN4707,AG8884
DS20018,LN4705,AG8886
DS19388,LN4524,AG8907
DS20448,LN4854,AG8866
DS19238,LN4492,AG8920
DS18663,LN4358,AG8948
DS18666,LN4359,AG8947
DS17553,LN4017,AG9028
DS17548,LN4015,AG9030
DS19235,LN4491,AG8921
DS18088,LN4139,AG8984
DS17381,LN3946,AG9049
DS18961,LN4423,AG8932
DS18964,LN4424,AG8931
DS18431,LN4270,AG8968
DS20570,LN4873,AG8860
DS17760,LN4069,AG9010
DS20027,LN4708,AG8883
DS20022,LN4706,AG8885
DS19386,LN4523,AG8908
DS24154A,LN20867A,AG3883
DS24147C,LN28708C,AG3945
DS39386,LN32272,AG3852
DS56256A,LN42591A,AG7006
DS56257A,LN42592A,AG7007
DS26689,LN31651,AG3898
DS27824,LN29654,AG3899
DS37969,LN31356,AG6997
DS37971,LN31354,AG3845
DS26685,LN26974,AG6994
DS26692B,LN26972B,AG6993
DS26693A,LN26937A,AG3819
DS37973,LN31352,AG3863
DS37974,LN31351,AG6998
DS10662,LN1958,AG4202
DS10666,LN1959,AG4201
DS10641,LN1953,AG4203
DS10631,LN1951,AG4204
DS13705,LN2863,AG4102
DS13716,LN2867,AG4101
DS14061,LN2954,AG4095
DS14065,LN2955,AG4094
DS14289,LN3027,AG5628
DS14285,LN3026,AG4093
DS12817,LN2625,AG9145
DS13985,LN2926,AG9139
DS13507,LN2809,AG9140
DS15227,LN3295,AG9120
DS15461,LN3355,AG9118
DS12646,LN2576,AG9150
DS24360A,LN20912A,AG3943
DS14666,LN3145,AG9133
DS24806A,LN45034A,AG7447
DS24726A,LN21205A,AG3910
DS23983C,LN20738C,AG3942
DS15573,LN3385,AG9117
DS14724,LN3167,AG9130
DS14751,LN3176,AG9129
DS14820,LN3189,AG9125
DS14809,LN3187,AG9127
DS18487,LN4290,AG8958
DS17959,LN4108,AG8989
DS17154,LN3895,AG9069
DS17674,LN4057,AG9020
DS16570,LN3716,AG9094
DS17464,LN3973,AG9036
DS18170,LN4148,AG8983
DS15637,LN3399,AG9115
DS21334,LN10074,AG8827
DS17105,LN3874,AG9074
DS17739,LN4063,AG9016
DS18421,LN4267,AG8970
DS17835,LN4086,AG9000
DS17954,LN4107,AG8990
DS18492,LN4292,AG8957
DS17162,LN3898,AG9067
DS17670,LN4056,AG9021
DS16566,LN3715,AG9095
DS16790,LN3774,AG9089
DS15632,LN3398,AG9116
DS21328,LN10073,AG8828
DS17101,LN3873,AG9075
DS18418,LN4266,AG8971
DS17831,LN4085,AG9001
DS23114A,LN20411A,AG3979
DS23107,LN20410,AG3902
DS27163A,LN26745A,AG3903
DS27166A,LN26744A,AG3917
DS10518,LN1926,AG4205
DS10514,LN1924,AG4206